recode_id,claim_id,paper_id_blinded,claim_text,local_context,metric_text,baseline_a_text,baseline_b_text,problem_scope_text,artifact_context,code_claim_inclusion,code_claim_card_specifiable,code_comparator_pair_identifiable,code_metric_measurable,code_relation_type,code_scalar_directional,code_planning_feasible,code_materialization_tier,code_proxy_free_exact_eligible,code_missing_evidence_category,coder_notes
R001,EIRR001,BP011,"Comparison between Tables I and II, on the other hand, indicates that the HONO/LUNO active space leads to a slightly shorter equilibrium bondlength than with the full IAO basis, and to a less accurate binding energy.",Paper-local location: local text scout; exact sentence span in paper_texts,binding-energy accuracy,full IAO basis,HONO/LUNO active space,NH3 active-space approximation,Artifact context: no paper-linked artifact or repository is recorded.,,,,,,,,,,,
R002,EIRR002,BP074,"We note that while Qiskit beats the direct AceCR(θ) implementation for γ ∈ { 0.25π, 0.75π, π}, future iterations of Superstaq will address this with custom pulse-shaping of the CR, rather than relying on Qiskit’s calibration.",Paper-local location: Boundary candidate,Hellinger fidelity,Qiskit calibrated implementation,direct AceCR(theta) implementation,two-qubit QAOA direct AceCR implementation on IBM hardware,,,,,,,,,,,,
R003,EIRR003,BP085,We show that the hybrid TN-VQE implementation improves the convergence of the algorithm in comparison to optimizing randomly-initialized quantum circuits via VQE.,Paper-local location: local text scout; exact sentence span in paper_texts,convergence / average performance,hybrid TN-VQE,standard/randomly initialized VQE,tensor-network initialized VQE,,,,,,,,,,,,
R004,EIRR004,BP058,"More specifically, we show that while XQAOAY 1 can find the MaxCut ofS4 with an approximation ratio of 1, QAOA1 can achieve an approximation ratio of at most 3/4.",Paper-local location: Local text character 29551,approximation ratio,XQAOA_Y at p=1,QAOA at p=1,MaxCut on S4 graph,Artifact context: a paper-linked artifact/repository or study-local executable evidence is recorded for this claim. Use the protocol to decide whether this is sufficient for proxy-free re-execution.,,,,,,,,,,,
R005,EIRR005,BP008,"We ﬁnd that for small systems the gate count from Trotterization dominates the budget of QFD+HOA, making it more costly than VQE for N smaller than 10 qubits.",Paper-local location: local text scout; exact sentence span in paper_texts,gate-count cost for N<10,VQE,QFD+HOA,small-system Heisenberg eigensolver cost,Artifact context: a paper-linked artifact/repository or study-local executable evidence is recorded for this claim. Use the protocol to decide whether this is sufficient for proxy-free re-execution.,,,,,,,,,,,
R006,EIRR006,BP082,• Demonstrate that QAOA outperforms both WalkSATlm and WalkSATm2b2 on a range of k-NAE-SAT instances.,Paper-local location: Local text character 5454,median running time / scaling,QAOA,WalkSATlm and WalkSATm2b2,k-NAE-SAT solving benchmark,Artifact context: a paper-linked artifact/repository or study-local executable evidence is recorded for this claim. Use the protocol to decide whether this is sufficient for proxy-free re-execution.,,,,,,,,,,,
R007,EIRR007,BP111,"Although QUBO uses fewer ancilla qubits and two-qubit gates, the results indicate that it requires a greater number of optimization iterations and a longer runtime.",Paper-local location: Resource/runtime results,optimization_iterations_and_runtime,penalty dephasing/Zeno encoding,QUBO encoding,constraint encoding for QAOA,Artifact context: a paper-linked artifact/repository or study-local executable evidence is recorded for this claim. Use the protocol to decide whether this is sufficient for proxy-free re-execution.,,,,,,,,,,,
R008,EIRR008,BP006,"Compared to t|ket⟩, TB-OLSQ-SWAP often reduces the CX cost by large margins, 69.2% in geometric mean.",Paper-local location: TB-OLSQ-SWAP evaluation,cx_cost,TB-OLSQ-SWAP,tket,transition-based layout synthesis,Artifact context: no paper-linked artifact or repository is recorded.,,,,,,,,,,,
R009,EIRR009,BP027,"For product formula circuits, Nuwa uses 13.1% more Swap gates than tket but 83.1% fewer than arct.","Paper-local location: Page 8, Method (1): linear placement, method (2A): matching-based, character 38566",SWAP gate count,tket,Nuwa,product formula circuit transpilation,Artifact context: no paper-linked artifact or repository is recorded.,,,,,,,,,,,
R010,EIRR010,BP074,"Superstaq increases Hellinger fidelity by 2.3x and 13x compared to Qiskit’s highest optimization, level-3.",Paper-local location: Benchmark results/Figure 1,hellinger_fidelity,Superstaq,Qiskit optimization_level=3,benchmark application compilation,Artifact context: no paper-linked artifact or repository is recorded.,,,,,,,,,,,
R011,EIRR011,BP038,"Notably, Cirq demonstrates the worst performance and, both PyZX and Cirq increased the number of U3 gates in the ﬁnal circuit.",Paper-local location: worksheet Stage 3 accepted claim,compression performance,Cirq,Qiskit/Pytket/PyZX competitors,three-qubit random circuit compression,,,,,,,,,,,,
R012,EIRR012,BP107,"In this case, Vanilla QAOA returns a significantly higher value.","Paper-local location: Page 13, Parity QAOA circuit has a depth 5 times smaller than, character 59483",approximation ratio,vanilla QAOA,Parity QAOA lower bound,complete graph N=21 signed Max-Cut,Artifact context: a paper-linked artifact/repository or study-local executable evidence is recorded for this claim. Use the protocol to decide whether this is sufficient for proxy-free re-execution.,,,,,,,,,,,
R013,EIRR013,BP105,"First, we see that, as a whole, Qiskit outperforms BQSKit, Staq, and Tket in terms of 2Q gate count; a trend clearly seen in the BQSKit and Tket data.",Paper-local location: Local text character 27575,2Q gate count,Qiskit,"BQSKit, Staq, and Tket",transpilation resource benchmark,Artifact context: a paper-linked artifact/repository or study-local executable evidence is recorded for this claim. Use the protocol to decide whether this is sufficient for proxy-free re-execution.,,,,,,,,,,,
R014,EIRR014,BP027,"Without applying commutation rules, Nuwa uses approximately 34% fewer Swap gates than tket on average, and 66% fewer than SABRE.","Paper-local location: Page 10, Number of Lowest Swap Counts 1 0 0 1 20, character 41211",SWAP gate count,Nuwa,tket and SABRE,quantum circuit placement/routing without commutation,Artifact context: no paper-linked artifact or repository is recorded.,,,,,,,,,,,
R015,EIRR015,BP105,"(3) clearly show that Staq is the fastest of the transpilation pipelines, while the QTS and Tket are over an order of magnitude slower that Qiskit.",Paper-local location: Local text character 30393,transpilation runtime,Staq,"Qiskit, QTS, Tket, and BQSKit",transpilation runtime benchmark,Artifact context: a paper-linked artifact/repository or study-local executable evidence is recorded for this claim. Use the protocol to decide whether this is sufficient for proxy-free re-execution.,,,,,,,,,,,
R016,EIRR016,BP058,"lower, middle and upper quartile values ofXQAOAX=Y 1 are significantly higher than those of the GW algorithm for graphs with D > 4, indicating that XQAOAX=Y 1 is more likely to produce a better solution irrespective of the parameter initialisation strategy.",Paper-local location: Local text character 34964,approximation ratio quartiles / solution quality,XQAOA,Goemans-Williamson algorithm,D-regular MaxCut graphs with D > 4,Artifact context: a cited artifact or repository is recorded as unavailable or inaccessible.,,,,,,,,,,,
R017,EIRR017,BP042,"As a result, these calculations exhibited faster convergence and required fewer iterations than traditional ADAPT-VQE.",Paper-local location: local text scout; exact sentence span in paper_texts,iterations to convergence,CQE calculations,traditional ADAPT-VQE,contracted quantum eigensolver benchmarking,Artifact context: no paper-linked artifact or repository is recorded.,,,,,,,,,,,
R018,EIRR018,BP012,"Despite such diﬀerence, our CNOT-OPT-A algorithm gives much less overhead compared to Qiskit and TKET in most cases.",Paper-local location: Benchmark results,cnot_count_overhead,CNOT-OPT-A,Qiskit/TKET,Clifford+T circuit mapping,Artifact context: a paper-linked artifact/repository or study-local executable evidence is recorded for this claim. Use the protocol to decide whether this is sufficient for proxy-free re-execution.,,,,,,,,,,,
R019,EIRR019,BP034,"In addition, Qiskit Runtime enabled warm-start QAOA ran 18 times faster than the normal implementation of warm-start QAOA, providing similar results in a fraction of the time.",Paper-local location: Runtime results,runtime,Qiskit Runtime warm-start QAOA,normal warm-start QAOA,MaxCut clustering,Artifact context: no paper-linked artifact or repository is recorded.,,,,,,,,,,,
R020,EIRR020,BP027,"On average, Nuwa uses 9.0% fewer Swap gates than tket and 51.8% fewer Swap gates than arct for QSP circuits.","Paper-local location: Page 8, Method (1): linear placement, method (2A): matching-based, character 38381",SWAP gate count,Nuwa,tket and arct,QSP circuit transpilation,Artifact context: no paper-linked artifact or repository is recorded.,,,,,,,,,,,
R021,EIRR021,BP079,"In lowdegree, well-localized circuits, Atomique’s performance falls marginally behind FAA due to higher decoherence incurred by movement.","Paper-local location: Page 10, Atomique 348 306 4995 66 108, character 50057",performance/fidelity,FAA baseline,Atomique,low-degree well-localized circuits,Artifact context: no paper-linked artifact or repository is recorded.,,,,,,,,,,,
R022,EIRR022,BP038,"Interestingly, we found that for UCCSD circuits PyZXPl outperformed dedicated PytketChemPl pipeline on Mock IBM All2All and IonQ architectures.",Paper-local location: worksheet Stage 3 accepted claim,compression performance,PyZXPl,PytketChemPl,UCCSD compilation on Mock IBM All2All and IonQ,,,,,,,,,,,,
R023,EIRR023,BP030,"With a small sacriﬁce in solution quality, the GNN (once trained) is able to generate candidate solutions signiﬁcantly faster than SDP relaxations and the GW algorithm.",Paper-local location: Local text character 30089,candidate-generation time,trained GNN,SDP relaxations and Goemans-Williamson algorithm,MaxCut candidate solution generation,Artifact context: a paper-linked artifact/repository or study-local executable evidence is recorded for this claim. Use the protocol to decide whether this is sufficient for proxy-free re-execution.,,,,,,,,,,,
R024,EIRR024,BP115,"It should be noted, however, that it achieves significantly better probability values between five and ten items compared to the QTGbased AAM-QAOA, with the global maxima being around 0.9 and 0.55, respectively.","Paper-local location: Page 9, Copula-QAOA is rather negligible, even for larger numbers, character 44766",probability value,Copula-QAOA,QTG-based AAM-QAOA,5-10 item knapsack instances,Artifact context: a paper-linked artifact/repository or study-local executable evidence is recorded for this claim. Use the protocol to decide whether this is sufficient for proxy-free re-execution.,,,,,,,,,,,
R025,EIRR025,BP107,"The results show that for this hypergraph, Parity QAOA outperforms vanilla QAOA.","Paper-local location: Page 16, Jijk denote the weights for the corresponding hyperedges, character 74535",approximation ratio/performance,Parity QAOA,vanilla QAOA,hypergraph optimization benchmark,Artifact context: a paper-linked artifact/repository or study-local executable evidence is recorded for this claim. Use the protocol to decide whether this is sufficient for proxy-free re-execution.,,,,,,,,,,,
R026,EIRR026,BP044,"Compared with the existing tool PaF, QRewriting im proved the depth (resp. gate count) reduction by 29% (resp.",Paper-local location: Evaluation,depth_and_gate_count_reduction,QRewriting,PaF,quantum circuit rewriting,Artifact context: a paper-linked artifact/repository or study-local executable evidence is recorded for this claim. Use the protocol to decide whether this is sufficient for proxy-free re-execution.,,,,,,,,,,,
R027,EIRR027,BP054,"In our benchmark with the QISKIT package, the depth of the circuits produ ced by the SQUANDER package (with the DFE accelerator support) were le ss by 97% on average, while the ﬁdelity of the circuits was still close to unity up to an error of ∼ 10−4.",Paper-local location: Local text character 1801,circuit depth,SQUANDER with DFE support,Qiskit,unitary synthesis benchmark,Artifact context: a paper-linked artifact/repository or study-local executable evidence is recorded for this claim. Use the protocol to decide whether this is sufficient for proxy-free re-execution.,,,,,,,,,,,
R028,EIRR028,BP054,In our 9-qubit experiment we achieved a 467 times shallower circuit than with QISKIT.,Paper-local location: Local text character 45969,circuit depth,SQUANDER,Qiskit,9-qubit unitary synthesis,Artifact context: a paper-linked artifact/repository or study-local executable evidence is recorded for this claim. Use the protocol to decide whether this is sufficient for proxy-free re-execution.,,,,,,,,,,,
R029,EIRR029,BP096,"The qiskit-braket-provider demonstrates the best performance, with the lowest transpilation times observed as the gatecount increases.","Paper-local location: Page 5, The time column in those tables reflects the average, character 22096",transpilation time,qiskit-braket-provider,qBraid-SDK and pytket extensions,Qiskit-to-Braket transpilation,Artifact context: no paper-linked artifact or repository is recorded.,,,,,,,,,,,
R030,EIRR030,BP096,"Our results highlight the superior performance of the qiskit-braket-provider, a specialized transpiler from Qiskit to Braket, achieving a remarkably low failure rate of 0.2%.","Paper-local location: Page 1, University of Science and Technology Houari Boumediene, BP 32 Bab Ezzouar , Algiers, 16111, Algeria, character 1398",failure rate,qiskit-braket-provider,qBraid-SDK and pytket extensions,Qiskit-to-Braket transpilation,,,,,,,,,,,,
R031,EIRR031,BP113,"In Table 2, we observe that increasing the depth of QAOA (the number of layers p) results in better Max -Cut solutions.",Paper-local location: worksheet Stage 3 accepted claim,Max-Cut solution quality,higher-depth QAOA,lower-depth QAOA,QAOA depth effect on Max-Cut solution quality,,,,,,,,,,,,
R032,EIRR032,BP004,"In this scenario, Nelder-Mead is the least resilient to this noise, while MPG is the most, and MGD follows.",Paper-local location: local text scout; exact sentence span in paper_texts,noise resilience,MPG optimizer,Nelder-Mead optimizer,VQA optimizer resilience to gate rotation error,,,,,,,,,,,,
R033,EIRR033,BP006,"Evaluation results show that TB-OLSQ is nearly optimal and is able to increase fidelity by 1.30x in geomean, compared to TriQ [15], a leading academic work, and reduce cost by 69.2% in geomean, compared tot|ket⟩ [23], a leading industry work.",Paper-local location: TB-OLSQ evaluation,fidelity_and_cost,TB-OLSQ,TriQ/tket,transition-based layout synthesis,Artifact context: no paper-linked artifact or repository is recorded.,,,,,,,,,,,
R034,EIRR034,BP068,"Furthermore, V Ans builds circuits with the lowest number of gates and cnot gates, probably because it is the only algorit hm that applies simpliﬁcations to remove gates, suggesting th at the other methods could beneﬁt from a similar technique.","Paper-local location: Results, Number of Gates and Cnot",gate_and_cnot_count,VAns,EVQE/RA-VQE/QAOA,QUBO instances,Artifact context: a paper-linked artifact/repository or study-local executable evidence is recorded for this claim. Use the protocol to decide whether this is sufficient for proxy-free re-execution.,,,,,,,,,,,
R035,EIRR035,BP096,Its hub-andspokes architecture centered around Cirq provides respectable transpilation capabilities but at the cost of slower performance compared to the qiskit-braketprovider and the pytket extensions.,"Paper-local location: Page 5, Table I illustrates the performance comparison, character 20545",transpilation speed,qiskit-braket-provider and pytket extensions,qBraid-SDK,multi-SDK transpilation,,,,,,,,,,,,
R036,EIRR036,BP107,"The results show that Parity QAOA when using ˜Cbest as the objective function, has an advantage in terms of CNOT depth but not in CNOT gate count.","Paper-local location: Page 14, Figure 10 shows results of QAOA simulations of, character 65659",CNOT depth,Parity QAOA with Cbest objective,vanilla QAOA,signed Max-Cut QAOA resources,Artifact context: a paper-linked artifact/repository or study-local executable evidence is recorded for this claim. Use the protocol to decide whether this is sufficient for proxy-free re-execution.,,,,,,,,,,,
R037,EIRR037,BP098,"As seen in Figure 5(d), the ansatzes identified by GA-VQA possess more parameters compared to UCCSD ansatz but require significantly less depth.","Paper-local location: Page 7, We apply the GA-VQA scheme to the Hydrogen, character 27013",circuit depth,GA-VQA-found ansatz,UCCSD ansatz,VQE ansatz for hydrogen molecule,Artifact context: a paper-linked artifact/repository or study-local executable evidence is recorded for this claim. Use the protocol to decide whether this is sufficient for proxy-free re-execution.,,,,,,,,,,,
R038,EIRR038,BP065,"Our extensive evaluation on suitable benchmark functions, shows that PUBO formulations generally yield better results, while requiring less qubits.",Paper-local location: Evaluation summary,qubit_count,PUBO formulation,QUBO formulation,continuous optimization with QAOA,,,,,,,,,,,,
R039,EIRR039,BP012,"Hence, in CNOT-OPT-A this eﬀect is mitigated to some extent by conﬁning this reduction in shorter segments, leading to a better performance compared to CNOT-OPT-B.",Paper-local location: CNOT-OPT variant comparison,cnot_count_overhead,CNOT-OPT-A,CNOT-OPT-B,Clifford+T circuit CNOT optimization,Artifact context: a paper-linked artifact/repository or study-local executable evidence is recorded for this claim. Use the protocol to decide whether this is sufficient for proxy-free re-execution.,,,,,,,,,,,
R040,EIRR040,BP016,"When employing a fixed ansatz, we find that PQE can converge disentangled (factorized) UCC wave functions to essentially identical energies as variational optimization while requiring fewer computational resources.",Paper-local location: local text scout; exact sentence span in paper_texts,computational resources for same energies,PQE,variational optimization / VQE,fixed-ansatz quantum eigensolver,Artifact context: a paper-linked artifact/repository or study-local executable evidence is recorded for this claim. Use the protocol to decide whether this is sufficient for proxy-free re-execution.,,,,,,,,,,,
R041,EIRR041,BP086,"Experiments on standard benchmark graphs with several hundred nodes in the MAX-CUT problem, conducted in a fully classical manner using a tensor network technique, show that RQRAO not only outperforms the Goemans-Williamson and recursive QAOA methods, but also is comparable to state-of-the-art classical solvers.",Paper-local location: Local text character 1246,solution quality / approximation ratio,RQRAO,Goemans-Williamson and recursive QAOA,Max-Cut benchmark graphs with hundreds of nodes,Artifact context: a paper-linked artifact/repository or study-local executable evidence is recorded for this claim. Use the protocol to decide whether this is sufficient for proxy-free re-execution.,,,,,,,,,,,
R042,EIRR042,BP054,"Considering the depth me tric, the circuits generated by SQUANDER are in average 19 times shallower than the QISKIT generated circuits for the two 6-qubit experiments addressed in our benchmark comparison.",Paper-local location: Local text character 45544,circuit depth,SQUANDER,Qiskit,6-qubit unitary synthesis,Artifact context: a paper-linked artifact/repository or study-local executable evidence is recorded for this claim. Use the protocol to decide whether this is sufficient for proxy-free re-execution.,,,,,,,,,,,
R043,EIRR043,BP079,"On average, our qubit-array mapper gives rise to 3.53 × better fidelity than the dense mapper and subsequent diagonal-first qubit-atom mapper gives rise to 1.19 × higher fidelity.","Paper-local location: Page 12, Benchmarks are 100Q arbitrary circuit with ten gates per qubit;, character 62128",fidelity,qubit-array plus diagonal-first mappers,dense mapper baseline,Atomique qubit/atom mapping,,,,,,,,,,,,
R044,EIRR044,BP117,"However, the MF-AOA results require hardly any computational effort, while the angle optimization going into the QAOA results consumes considerable resources (besides being problematic on noisy quantum hardware [6, 8–10]).",Paper-local location: Local text character 30922,computational effort,MF-AOA,QAOA angle optimization,computational effort of QAOA vs MF-AOA on Max-kXOR,,,,,,,,,,,,
R045,EIRR045,BP102,"For instance, at 65 qubits, our method takes only 0.012 seconds, compared to 292 seconds for QAIM and 0.8 seconds for the Structured Method.",Paper-local location: Local text character 25186,compilation time,Coqa/proposed method,QAIM and Structured Method,65-qubit QAOA compilation,,,,,,,,,,,,
R046,EIRR046,BP070,"In the case of the \""stronglyentangling-layers\"" Ansatz we utilized, it grows logarithmically with the number of nodes, resulting in circuit layers that are exponentially shallower than in QAOA.",Paper-local location: Local text character 32107,circuit layer depth,QEMC strongly-entangling-layers ansatz,QAOA,QEMC circuit architecture,Artifact context: a paper-linked artifact/repository or study-local executable evidence is recorded for this claim. Use the protocol to decide whether this is sufficient for proxy-free re-execution.,,,,,,,,,,,
R047,EIRR047,BP054,"According to our numerical experiments, the DFE implementa tion on a single FPGA chip can evaluate the cost function (1) and its gradi ent components by about (6 − 13)× faster than our CPU implementation on a computing server equipped with 32-Core AMD EPYC 7542 Processor (providing 64 threads with multi-threading) and with 128GB of memory.",Paper-local location: Local text character 36115,cost-function/gradient evaluation speed,DFE implementation on FPGA,CPU implementation,SQUANDER cost-function evaluation,Artifact context: a paper-linked artifact/repository or study-local executable evidence is recorded for this claim. Use the protocol to decide whether this is sufficient for proxy-free re-execution.,,,,,,,,,,,
R048,EIRR048,BP011,"For all studied species, FCI/IAO and q-UCCSD/IAO binding energies are in better agreement with CCSD/aug-cc-pVQZ binding energies than their counterparts at STO-6G level.",Paper-local location: local text scout; exact sentence span in paper_texts,binding-energy agreement with CCSD/aug-cc-pVQZ,FCI/IAO and q-UCCSD/IAO,STO-6G counterparts,IAO quantum chemistry simulation,Artifact context: no paper-linked artifact or repository is recorded.,,,,,,,,,,,
R049,EIRR049,BP022,From Table S9 it is clear that Pennylane-qulacs is on average about 2 times faster than Pennylane default and about 3 times faster than Pennylane-qiskit in calculations of the gradients.,Paper-local location: local text scout; exact sentence span in paper_texts,gradient calculation runtime,Pennylane-qulacs,Pennylane default and Pennylane-qiskit,VQLS gradient backend implementation,Artifact context: no paper-linked artifact or repository is recorded.,,,,,,,,,,,
R050,EIRR050,BP042,"The conjugate gradient approach appears to be better but shows strong oscillations in the gradient norm (note if we loosen the update parameter, these oscillations decrease, but we do not observe a signiﬁcant increase in convergence).",Paper-local location: local text scout; exact sentence span in paper_texts,convergence behavior,nonlinear conjugate-gradient CQE,gradient-descent CQE approaches,CQE optimizer selection,Artifact context: no paper-linked artifact or repository is recorded.,,,,,,,,,,,
R051,EIRR051,BP038,"Overall, the performance of Qiskit and Pytket routing/mapping subroutines is very similar for a wide range of values of k according to CX count overhead metric.",Paper-local location: worksheet Stage 3 accepted claim,CX count overhead,Qiskit Transpile,Pytket DefaultMapping,routing/mapping on random k-regular graphs,,,,,,,,,,,,
R052,EIRR052,BP107,"In terms of CNOT gate count, the Parity QAOA circuit for the complete graph N = 7 comprises about 3 .1 times fewer and the circuit for the 4-regular graph N = 8 has 2 .5 times fewer gates.","Paper-local location: Page 13, Parity QAOA circuit has a depth 5 times smaller than, character 58943",CNOT gate count,Parity QAOA,vanilla QAOA,small signed Max-Cut instances,,,,,,,,,,,,
R053,EIRR053,BP091,"The HOBO formulation is comparable up until k + 1 = 5 ; after that, ⌈log2 k⌉ = 3 , and therefore, the number of terms increases the circuit depth per QAOA layer drastically.",Paper-local location: Local text character 50212,circuit depth per QAOA layer,XY/QUBO formulations,HOBO formulation beyond k+1=5,TSP QAOA formulation,Artifact context: a paper-linked artifact/repository or study-local executable evidence is recorded for this claim. Use the protocol to decide whether this is sufficient for proxy-free re-execution.,,,,,,,,,,,
R054,EIRR054,BP045,"Additionally, we also show in Figure 3 that this gain is not won at the cost of total two-qubit gates – the latter remains signiﬁcantly lower with our approach compared to QISkit.","Paper-local location: Page 5, In Figure 2, we see a clear improvement over QISkit in, character 26438",total two-qubit gate count,MultiQopt/proposed approach,Qiskit,multi-QPU circuit compilation,Artifact context: a paper-linked artifact/repository or study-local executable evidence is recorded for this claim. Use the protocol to decide whether this is sufficient for proxy-free re-execution.,,,,,,,,,,,
R055,EIRR055,BP056,D-Wave devices performance diﬀerences: One last observation from Figure 6 is that there a small but consistent performance diﬀerence between the two quantum annealers; the slightly older generationAdvantage system4.1 yields lower mean energy thanAdvantage system6.1.,Paper-local location: D-Wave device comparison,mean_energy,Advantage system4.1,Advantage system6.1,higher-order Ising quantum annealing,,,,,,,,,,,,
R056,EIRR056,BP115,"The Copula-QAOA performs better initially, but shows a quicker decline, even for larger numbers of angles.","Paper-local location: Page 9, Copula-QAOA is rather negligible, even for larger numbers, character 44473",performance retention as size increases,QTG-QAOA,Copula-QAOA,knapsack QAOA scaling,,,,,,,,,,,,
R057,EIRR057,BP093,"We find a scaling improvement in terms of the timeto-solution (TTS) [14] when using LR-QAOA compared to SA, TABU search, and B&B for solving random instances of WMaxcut.",Paper-local location: TTS scaling results,time_to_solution_scaling,LR-QAOA,SA/TABU/B&B,random WMaxCut,Artifact context: a paper-linked artifact/repository or study-local executable evidence is recorded for this claim. Use the protocol to decide whether this is sufficient for proxy-free re-execution.,,,,,,,,,,,
R058,EIRR058,BP066,"As opposed, the TTOpt outperforms the BFGS optimizer for L = 2 − 4 layers, but its convergence improves with L slower and can not compete in this regard to a gradient-based optimization for large L.",Paper-local location: local text scout; exact sentence span in paper_texts,optimized cost / convergence for L=2-4 layers,TTOpt,BFGS optimizer,VQE optimizer comparison for shallow HVA circuits,Artifact context: a paper-linked artifact/repository or study-local executable evidence is recorded for this claim. Use the protocol to decide whether this is sufficient for proxy-free re-execution.,,,,,,,,,,,
R059,EIRR059,BP072,"First, the ESOP synthesis and TBS methods provide different advantages: while ESOP nearly always produces circuits with lower complexity, TBS generally produces circuits with fewer qubits than ESOP synthesis.",Paper-local location: Synthesis-method comparison,circuit_complexity,ESOP synthesis,TBS synthesis,automated subcircuit synthesis,,,,,,,,,,,,
R060,EIRR060,BP038,"For random phase polynomial [ CX, Rz] circuits, PyZX outperforms competitors by a large margin in terms of CX count reduction, although by the expense of increasing of single-qubit gate count.",Paper-local location: worksheet Stage 3 accepted claim,CX count reduction,PyZX,Qiskit/Pytket/Cirq competitors,random phase-polynomial circuit compression,,,,,,,,,,,,
R061,EIRR061,BP072,"As illustrated in subfigure a of Figure 18, the fact that ESOP synthesis with preprocessing has a higher average complexity than ESOP synthesis without (6.981.6 versus 3, 769.5) further supports the conclusion that ESOP synthesis is able to substantially reduce cost by utilizing incompletely-specified functions.",Paper-local location: Preprocessing comparison,average_circuit_complexity,ESOP without preprocessing,ESOP with preprocessing,automated subcircuit synthesis,,,,,,,,,,,,
R062,EIRR062,BP107,"However, the Parity QAOA circuit for the complete graph with N = 21 includes about 3 .6 times more CNOT gates (This is again an upper bound provided by Parity LB).","Paper-local location: Page 13, Parity QAOA circuit has a depth 5 times smaller than, character 59132",CNOT gate count,Parity QAOA,vanilla QAOA,complete-graph signed Max-Cut N=21,Artifact context: a paper-linked artifact/repository or study-local executable evidence is recorded for this claim. Use the protocol to decide whether this is sufficient for proxy-free re-execution.,,,,,,,,,,,
R063,EIRR063,BP006,"For a specific family of quantum programs named QAOA, which is deemed to be a promising application for near-term quantum computers, we further adjust the approximate synthesizer by taking commutation into consideration, achieving up to 75% reduction in depth and up to 65% reduction in additional cost compared to the tool used in a leading QAOA study.",Paper-local location: QAOA layout results,depth_and_additional_cost,QAOA-OLSQ,tket/tool used in leading QAOA study,QAOA layout synthesis,Artifact context: no paper-linked artifact or repository is recorded.,,,,,,,,,,,
R064,EIRR064,BP111,"However, the average performance metric suggests that the more constrained QUBO method yields slightly better average performance.",Paper-local location: Performance results,average_performance,QUBO encoding,penalty dephasing/Zeno encoding,constraint encoding for QAOA,,,,,,,,,,,,
R065,EIRR065,BP038,"Trotter decomposition circuits, subroutines PytketChem and FullReduce demonstrate the best and the worst two-qubit gates count compression performance, which also matches conclusions of in accordance to Section 5.2.",Paper-local location: worksheet Stage 3 accepted claim,two-qubit gate count compression performance,PytketChem,FullReduce,Trotter decomposition subroutine ranking,Artifact context: a paper-linked artifact/repository or study-local executable evidence is recorded for this claim. Use the protocol to decide whether this is sufficient for proxy-free re-execution.,,,,,,,,,,,
R066,EIRR066,BP058,"When benchmarked against MA-QAOA1, QAOA1, CR, and the GW algorithm onD-regular graphs with 128 and 256 vertices for 3 ≤ D ≤ 10, XQAOAX=Y 1 consistently outperformed QAOA1, MA-QAOA1, andtheCRalgorithmonallgraph instances.",Paper-local location: Local text character 32642,approximation ratio / solution quality,XQAOA,"QAOA, MA-QAOA, and CR algorithm",D-regular MaxCut benchmark at p=1,Artifact context: a cited artifact or repository is recorded as unavailable or inaccessible.,,,,,,,,,,,
R067,EIRR067,BP065,"Continuing with the circuit depth (also displayed in figure 8), we can observe a clear disadvantage of the PUBO approach when executed on a device that doesn’t inherit a suitable gate set: While the QUBO’s overall circuit depth at the highest complexities caps 5https://github.com/jtiosue/qubovert at less than 1400, the PUBO’s overall depth reaches around 4000.","Paper-local location: Results, Figure 8",circuit_depth,QUBO approach,PUBO approach,continuous optimization with QAOA,,,,,,,,,,,,
R068,EIRR068,BP074,"Superstaq DD significantly improves program outcomes, with results as high as 68x on the Hanoi machine relative to the Qiskit baseline.",Paper-local location: Dynamical decoupling results,relative_strength_or_success,Superstaq DD,Qiskit baseline,Bernstein-Vazirani benchmark with DD,Artifact context: no paper-linked artifact or repository is recorded.,,,,,,,,,,,
R069,EIRR069,BP098,"The GA-VQA circuit has the shortest depth (9), compared to 11 and 38 for the others.","Paper-local location: Page 4, As expected, higher N requires larger d to achieve high, character 15137",circuit depth,GA-VQA,Qiskit-generated circuit and g2gN ansatz,multi-target quantum compilation for thermal-state preparation,Artifact context: a paper-linked artifact/repository or study-local executable evidence is recorded for this claim. Use the protocol to decide whether this is sufficient for proxy-free re-execution.,,,,,,,,,,,
R070,EIRR070,BP038,Qiskit and Pytket showed the best performance.,Paper-local location: worksheet Stage 3 accepted claim,compression performance,Qiskit and Pytket,Cirq and PyZX competitors,random high-CX-density circuit compression,,,,,,,,,,,,
R071,EIRR071,BP038,GreedyRouting (Cirq) showed largest overheads for all target circuit types and hardware architectures.,Paper-local location: worksheet Stage 3 accepted claim,CX count/depth overhead,Cirq GreedyRouting,Qiskit/Pytket routing methods,routing/mapping on target circuits and hardware architectures,,,,,,,,,,,,
R072,EIRR072,BP064,"ParitySynth and Steiner-GraySynth are an order of magnitude faster than Qiskit and TKET, even though the additional iterations of Reverse Traversal increased the normal runtime by 10 fold.","Paper-local location: Page 24, The look-ahead scheme increases the compiler runtime slightly with respect, character 37079",compiler runtime,ParitySynth/Steiner-GraySynth,Qiskit/TKET,large circuit compilation,Artifact context: a paper-linked artifact/repository or study-local executable evidence is recorded for this claim. Use the protocol to decide whether this is sufficient for proxy-free re-execution.,,,,,,,,,,,
R073,EIRR073,BP056,The 2-round QAOA results had better average energy compared the 1-round results in 6 out of the 10 problem instances.,Paper-local location: QAOA depth results,average_energy,2-round QAOA,1-round QAOA,higher-order Ising QAOA,Artifact context: a paper-linked artifact/repository or study-local executable evidence is recorded for this claim. Use the protocol to decide whether this is sufficient for proxy-free re-execution.,,,,,,,,,,,
R074,EIRR074,BP072,"As shown in Figure 14, the effect for quantum depth is similar, but even more pronounced; on average, optimization offers no depth reduction for basis-encoded circuits, while it reduces the average quantum depth of angle- and improved angle-encoded circuits by 99% in both cases.",Paper-local location: Optimization-depth results,quantum_depth_reduction,optimized angle/improved-angle encoding,optimized basis encoding,automated subcircuit synthesis,,,,,,,,,,,,
R075,EIRR075,BP110,"In CH, a function used in SHA-256, requires 32.3% less pulses to run on a t-triangle topology as compared to a s-triangle one.",Paper-local location: Local text character 39345,pulse count,t-triangle topology,s-triangle topology,CH/SHA-256 neutral-atom benchmark,,,,,,,,,,,,
R076,EIRR076,BP105,"In contrast, while the two-qubit gate depth is worse than Qiskit for BQSKit and Staq, Tket outperforms Qiskit overall, with prominent gains for more connected topologies.",Paper-local location: Local text character 27805,2Q gate depth,Tket,Qiskit,transpilation resource benchmark,Artifact context: a paper-linked artifact/repository or study-local executable evidence is recorded for this claim. Use the protocol to decide whether this is sufficient for proxy-free re-execution.,,,,,,,,,,,
R077,EIRR077,BP111,"Quadratization (QUBO) requires fewer ancilla qubits and two-qubit gates compared to the other two methods, as the constraints are embedded into the objective function through penalty terms.",Paper-local location: Resource results,ancilla_qubits_and_two_qubit_gates,QUBO encoding,penalty dephasing/Zeno encoding,constraint encoding for QAOA,Artifact context: a paper-linked artifact/repository or study-local executable evidence is recorded for this claim. Use the protocol to decide whether this is sufficient for proxy-free re-execution.,,,,,,,,,,,
R078,EIRR078,BP107,"For the two small problems, the complete graph N = 7 and the 4-regular graph N = 8, the Parity QAOA circuit has a depth 5 times smaller than the vanilla QAOA circuit.","Paper-local location: Page 13, The number of copies K/N depends on the qubit overhead of Parity QAOA which depends on the number of, character 58557",circuit depth,Parity QAOA,vanilla QAOA,small signed Max-Cut instances,,,,,,,,,,,,
R079,EIRR079,BP064,"For small circuits, TKET is the best compiler, but for larger circuits, ParitySynth and Steiner-GraySynth generated fewer CNOTs.","Paper-local location: Page 24, The differences in CNOT count and compiler runtime for the DAG-based, character 36341",CNOT gate count,ParitySynth/Steiner-GraySynth on larger circuits,TKET on larger circuits,quantum circuit compilation by circuit size,Artifact context: a paper-linked artifact/repository or study-local executable evidence is recorded for this claim. Use the protocol to decide whether this is sufficient for proxy-free re-execution.,,,,,,,,,,,
R080,EIRR080,BP098,This is why the accuracy of this method is lower compared to the exact result and GA-VQA method.,"Paper-local location: Page 11, Figure 4(b,c), the AVQDS method is not trainable at, character 40114",accuracy,GA-VQA method,AVQDS method at relaxed L2 cut,time-dependent Hamiltonian simulation,Artifact context: a paper-linked artifact/repository or study-local executable evidence is recorded for this claim. Use the protocol to decide whether this is sufficient for proxy-free re-execution.,,,,,,,,,,,
R081,EIRR081,BP050,Our optimized Toﬀoli gate implementation demonstrates an 18% reduction in inﬁdelity compared with the canonical implementation as benchmarked on IBM Jakarta with quantum process tomography.,"Paper-local location: Page 1, IBMQ native gate set, the methods presented are generalizable to any gate and superconducting qubit, character 1271",infidelity,optimized Toffoli implementation,canonical Toffoli implementation,Toffoli gate implementation on IBM Jakarta,Artifact context: a paper-linked artifact/repository or study-local executable evidence is recorded for this claim. Use the protocol to decide whether this is sufficient for proxy-free re-execution.,,,,,,,,,,,
R082,EIRR082,BP071,"Compared to standard ADAPT-QAOA, Dynamic-ADAPT-QAOA can achieve a better max-cut approximation ratio than the classical GW algorithm at roughly an order of magnitude larger values of p⋆ gate.",Paper-local location: Noise resilience results,critical_gate_error_probability,Dynamic-ADAPT-QAOA,standard ADAPT-QAOA,MaxCut under gate noise,,,,,,,,,,,,
R083,EIRR083,BP079,Atomique is 1000 × faster in compilation than a solver-based [75] compiler with similar fidelity.,"Paper-local location: Page 2, Subsequently, at a more fine-grained level, we propose a, character 11386",compilation time,Atomique,solver-based compiler,neutral-atom compiler runtime,,,,,,,,,,,,
R084,EIRR084,BP007,"In most cases the rate of convergence also becomes better, sometimes even exponentially faster after passing this threshold.",Paper-local location: local text scout; exact sentence span in paper_texts,convergence rate / optimization landscape quality,over-parameterized HVA regime,under-parameterized HVA regime,HVA over-parameterization transition,Artifact context: a paper-linked artifact/repository or study-local executable evidence is recorded for this claim. Use the protocol to decide whether this is sufficient for proxy-free re-execution.,,,,,,,,,,,
R085,EIRR085,BP064,"Qiskit and TKET have a similar runtime, where TKET is slightly slower with much better CNOT counts.","Paper-local location: Page 24, Steiner-GraySynth are an order of magnitude faster than Qiskit and TKET,, character 37268",CNOT gate count,TKET,Qiskit,DAG-based quantum compilation,Artifact context: a paper-linked artifact/repository or study-local executable evidence is recorded for this claim. Use the protocol to decide whether this is sufficient for proxy-free re-execution.,,,,,,,,,,,
R086,EIRR086,BP115,"Furthermore, we conduct numerical experiments for our method on the same benchmark instances as for the Copula-QAOA and demonstrate that our method is able to provide higher approximation ratios on a consistent level, that is, without the drop in quality for instance sizes above ten.","Paper-local location: Page 2, QTG as Grover-like mixer converges towards the optimum as, character 6356",approximation ratio,QTG-based AAM-QAOA,Copula-QAOA,knapsack QAOA benchmarks,Artifact context: a paper-linked artifact/repository or study-local executable evidence is recorded for this claim. Use the protocol to decide whether this is sufficient for proxy-free re-execution.,,,,,,,,,,,
R087,EIRR087,BP006,"In some cases, TriQ has slightly better fidelity results by leveraging larger depths.",Paper-local location: Boundary candidate,fidelity,TriQ,TB-OLSQ / OLSQ-family layout synthesis,transition-based layout synthesis fidelity exception cases,Artifact context: no paper-linked artifact or repository is recorded.,,,,,,,,,,,
R088,EIRR088,BP049,"Secondly, the simulated trajectories are consistently slower than the measured trajectories; e.g. at ξ = 0.01 Φ0, the simulated trajectories are slower by a factor of 3.5 than the measured trajectory, which included a 13 ns √ iSW AP -like entangling gate.",Paper-local location: Local text character 52406,trajectory speed,measured Cartan trajectories,simulated Cartan trajectories,nonstandard two-qubit Cartan trajectory simulation,,,,,,,,,,,,
R089,EIRR089,BP074,"The SW AP count increase quadratically with the Cirq router, but just linearly with Superstaq’s router, as expected.",Paper-local location: Routing results,swap_count_scaling,Superstaq router,Cirq router,star-to-line routing,,,,,,,,,,,,
R090,EIRR090,BP069,"Taking into account that the (Pauli-)X gate and CNOT in the circuit commute, the schedule shown in Fig. 3(C) would be a better schedule, since it represents the same quantum circuit and is shorter in time.",Paper-local location: worksheet Stage 3 accepted claim,schedule time / schedule length,Fig. 3(C) PPO-found schedule with commutation rules,Fig. 3(B) ALAP schedule without commutation rules,quantum circuit scheduling for the Fig. 3 two-qubit circuit,Artifact context: a paper-linked artifact/repository or study-local executable evidence is recorded for this claim. Use the protocol to decide whether this is sufficient for proxy-free re-execution.,,,,,,,,,,,
R091,EIRR091,BP065,"When using a quantum circuit simulator however, the wallclock times for the PUBO formulations showed much better results, most probably because of the lower number of qubits that need to be simulated.",Paper-local location: Results,simulation_wallclock_time,PUBO formulation,QUBO formulation,continuous optimization with QAOA,Artifact context: a paper-linked artifact/repository or study-local executable evidence is recorded for this claim. Use the protocol to decide whether this is sufficient for proxy-free re-execution.,,,,,,,,,,,
R092,EIRR092,BP079,"19 shows that although Q-Pilot has less depth than Atomique, Atomique has better overall fidelity, showing a better balance between depth, two-qubit gates, and atom movement.","Paper-local location: Page 10, In the latter case, the SMT formulation is relaxed in a, character 47609",overall fidelity,Atomique,Q-Pilot,neutral-atom application-specific compilation,Artifact context: no paper-linked artifact or repository is recorded.,,,,,,,,,,,
R093,EIRR093,BP065,"Examining figures 5b and 5c, we can see that the PUBO approach consistently outperforms the QUBO approach for higher order functions, as the expected value, the median and the overall variance are significantly lower for PUBO.","Paper-local location: Results, Figures 5b/5c",solution_quality,PUBO approach,QUBO approach,continuous optimization with QAOA,,,,,,,,,,,,
R094,EIRR094,BP038,We found that Pytket with the backend implemented in C++ showed the best runtime performance.,Paper-local location: worksheet Stage 3 accepted claim,runtime performance,Pytket C++ backend,Qiskit/PyZX/Cirq Python implementations,compiler runtime on random circuits,Artifact context: a paper-linked artifact/repository or study-local executable evidence is recorded for this claim. Use the protocol to decide whether this is sufficient for proxy-free re-execution.,,,,,,,,,,,
R095,EIRR095,BP105,Results worth highlighting include Cirq's performance at constructing a set of Hamiltonian simulation circuits (test_DTC100_set_build) in a time 55x faster than the nearest competitor Qiskit.,Paper-local location: Local text character 15252,construction time,Cirq,Qiskit / nearest competitor,Hamiltonian simulation circuit construction benchmark,Artifact context: a paper-linked artifact/repository or study-local executable evidence is recorded for this claim. Use the protocol to decide whether this is sufficient for proxy-free re-execution.,,,,,,,,,,,
R096,EIRR096,BP073,"Exponential saving on input state copies: To achieve arbitrarily precise estimates of all function evaluations that one encounters during an iterative optimization of the said VQA cost function, AISO consumes exponentially fewer copies of the input state compared to standard VQA, allowing one to do more iterations, achieve better approximations, and carry out extensive hyperparameter tuning.",Paper-local location: local text scout; exact sentence span in paper_texts,input-state copies / quantum resources,AISO,standard VQA,VQA training with shallow shadows,Artifact context: a paper-linked artifact/repository or study-local executable evidence is recorded for this claim. Use the protocol to decide whether this is sufficient for proxy-free re-execution.,,,,,,,,,,,
R097,EIRR097,BP093,"This leads to an interesting behavior, for instance, at p = 3 the approximation ratio is the same as that at p = 40 for the 109-qubit case, despite the latter requiring roughly 13 times more time and 2-qubit gates than the former.",Paper-local location: 109-qubit depth/resource results,time_and_two_qubit_gates_at_same_ratio,LR-QAOA p=3,LR-QAOA p=40,109-qubit WMaxCut,Artifact context: a paper-linked artifact/repository or study-local executable evidence is recorded for this claim. Use the protocol to decide whether this is sufficient for proxy-free re-execution.,,,,,,,,,,,
R098,EIRR098,BP012,Our methods give less CNOT-count compared to Qiskit and TKET transpiler as well as using SWAP gates.,Paper-local location: Results,cnot_count,CNOT-OPT methods,Qiskit/TKET/SWAP methods,Clifford+T circuit CNOT optimization,Artifact context: a paper-linked artifact/repository or study-local executable evidence is recorded for this claim. Use the protocol to decide whether this is sufficient for proxy-free re-execution.,,,,,,,,,,,
R099,EIRR099,BP091,Small-depth QUBO QAOA performs worst but increases considerably with depth p.,Paper-local location: Local text character 51198,performance,XY/HOBO approaches,small-depth QUBO QAOA,TSP QAOA formulations at small depth,,,,,,,,,,,,
R100,EIRR100,BP063,"Fully-explicit function representations not only result in increased circuit complexity, but also in increased time-to-synthesis, which is again higher for TBS than for ESOP.","Paper-local location: Page 13, 5.2 Oracles for benchmark functions, character 50390",time-to-synthesis,ESOP synthesis,TBS synthesis,oracle synthesis from explicit function representations,,,,,,,,,,,,
R101,EIRR101,BP010,"Since we use ﬁve training points, optnl-meta-VQE becomes cheaper when more than 20 test points are required.",Paper-local location: local text scout; exact sentence span in paper_texts,cost after more than 20 test points,optnl-meta-VQE,standard VQE over test points,nonlinear meta-VQE evaluation cost,Artifact context: a paper-linked artifact/repository or study-local executable evidence is recorded for this claim. Use the protocol to decide whether this is sufficient for proxy-free re-execution.,,,,,,,,,,,
R102,EIRR102,BP102,"As the qubit count increases, the efficiency of our method remains obvious with a minimal increase in time even for 1025 qubits where it takes 8.68 seconds, while QAIM exceeds 5 hours.",Paper-local location: Local text character 25327,compilation time,Coqa/proposed method,QAIM,1025-qubit QAOA compilation,,,,,,,,,,,,
R103,EIRR103,BP038,Qiskit and Pytket pipelines showed the best overall performance.,Paper-local location: worksheet Stage 3 accepted claim,overall compression performance,Qiskit and Pytket,Cirq and PyZX competitors,random low-CX-density circuit compression,,,,,,,,,,,,
R104,EIRR104,BP095,The importance of these results is accentuated by the fact that the depths of the circuits employed by Eclipse Qrisp’s QAOA are significantly better than Qiskit-Library QAOA and ad-hoc QAOA .,Paper-local location: Local text character 11402,circuit depth,Eclipse Qrisp QAOA,Qiskit-Library QAOA and ad-hoc QAOA,QAOA implementation comparison,Artifact context: a paper-linked artifact/repository or study-local executable evidence is recorded for this claim. Use the protocol to decide whether this is sufficient for proxy-free re-execution.,,,,,,,,,,,
R105,EIRR105,BP038,"Interestingly, PyZXPl and ChemPassPl demonstrated a similar compression performance for UCCSD circuits, see Fig. 14 (ﬁrst column).",Paper-local location: worksheet Stage 3 accepted claim,compression performance,PyZXPl,ChemPassPl,UCCSD structured circuit compression,,,,,,,,,,,,
R106,EIRR106,BP093,"We show results of LR-QAOA on multiple QPUs (IonQ, Quantinuum, IBM) with up to Nq = 109 qubits, p = 100, and circuits requiring 21,200 CNOT gates.",Paper-local location: QPU results,qubits_layers_and_cnot_count,LR-QAOA on QPUs,smaller prior QPU runs,LR-QAOA hardware execution,,,,,,,,,,,,
R107,EIRR107,BP038,Transpile (Qiskit) and DefaultMapping (Pytket) demonstrate approximately matching performance with a slight edge by Pytket.,Paper-local location: worksheet Stage 3 accepted claim,routing/mapping overhead,Pytket DefaultMapping,Qiskit Transpile,routing/mapping on real-device coupling graphs,,,,,,,,,,,,
R108,EIRR108,BP060,"Experimental results on both IBM QX5 and IBM QX20 show that ISAAQ outperforms the heuristic methods available in Qiskit and tket, as well as an existing QUBO method, requiring fewer physical CNOT gates for most benchmark circuits.","Paper-local location: Page 1, One of the most critical steps in quantum circuit compilation is qubit routing, an NP-Hard problem, character 1660",physical CNOT gate count,ISAAQ,Qiskit/tket heuristic methods and existing QUBO method,qubit routing compilation,Artifact context: a paper-linked artifact/repository or study-local executable evidence is recorded for this claim. Use the protocol to decide whether this is sufficient for proxy-free re-execution.,,,,,,,,,,,
R109,EIRR109,BP107,"The results indicate that choosing the best spanning tree energy ˜Cbest (best, p = 1) yields a significantly higher approximation ratio than taking the mean ˜Cmean (mean, p = 1).","Paper-local location: Page 6, Figure 2 shows the results for the approximation ratio,, character 26370",approximation ratio,Cbest objective,Cmean objective,Parity QAOA objective selection,Artifact context: a paper-linked artifact/repository or study-local executable evidence is recorded for this claim. Use the protocol to decide whether this is sufficient for proxy-free re-execution.,,,,,,,,,,,
R110,EIRR110,BP038,"In contrast, the compilation pipeline based on PyZX module was not able to achieve optimal compression of twoqubit circuits and showed a large gap to optimality.",Paper-local location: worksheet Stage 3 accepted claim,distance to optimal compression,PyZX pipeline,KAK optimal bound,two-qubit KAK benchmark compression,,,,,,,,,,,,
R111,EIRR111,BP056,"Note that for several of the distributions there are overlapping minimum energies. p = 1 p = 2 p = 1 with DDD p = 2 with DDD p = 1 (no DDD) better than - - 10/10 5/10 4/10 p = 2 (no DDD) better than - 0/10 - 2/10 0/10 p = 1 (with DDD) better than - 5/10 8/10 - 4/10 p = 2 (with DDD) better than - 6/10 10/10 6/10 - Table 2: How the four diﬀerent QAOA implementations, one and two rounds with and without DDD, compare against each other in terms of in how many of the 10 random instances each method was better than the other three methods in terms of mean objective function value across the 10000 samples (for the best angle combination).",Paper-local location: DDD comparison table,mean_objective_function_value,QAOA with DDD,QAOA without DDD,higher-order Ising QAOA,,,,,,,,,,,,
R112,EIRR112,BP108,This clearly shows that DCQAOA(NC) is more robust compared to QAOA.,"Paper-local location: Page 6, DC-QAOA(NC), character 27342",robustness/fidelity under noise,DC-QAOA(NC),QAOA,noisy SK/MaxCut optimization,,,,,,,,,,,,
R113,EIRR113,BP050,"We measured our optimized Toﬀoli gate, the canonical Toﬀoli gate, and the IBM Qiskit-compiled Toﬀoli gate average gate ﬁdelities to be 0 .864 ± 0.00166, 0.834 ± 0.00153, and 0 .828 ± 0.00166, respectively.","Paper-local location: Page 9, 3.3 Benchmarking, character 28628",average gate fidelity,optimized Toffoli gate,canonical and IBM Qiskit-compiled Toffoli gates,Toffoli gate implementation,Artifact context: a paper-linked artifact/repository or study-local executable evidence is recorded for this claim. Use the protocol to decide whether this is sufficient for proxy-free re-execution.,,,,,,,,,,,
R114,EIRR114,BP038,"Both algorithms show somewhat diﬀerent performance according to CX depth overhead, where Transpile (Qiskit) outperforms DefaultMapping (Pytket) for densely connected graphs with node degrees k ≳ 8.",Paper-local location: worksheet Stage 3 accepted claim,CX depth overhead,Qiskit Transpile,Pytket DefaultMapping,routing/mapping on densely connected random k-regular graphs,Artifact context: a paper-linked artifact/repository or study-local executable evidence is recorded for this claim. Use the protocol to decide whether this is sufficient for proxy-free re-execution.,,,,,,,,,,,
R115,EIRR115,BP032,"In total, the simplest circuit representation of exp(−iγH1) in QAOA requires 40 two-qubit gates, a depth which will prove signiﬁcantly better than the other encodings even without further optimization.",Paper-local location: local text scout; exact sentence span in paper_texts,two-qubit gate count / circuit depth,higher-order encoding,other encodings,four-corners map coloring QAOA encoding,,,,,,,,,,,,
R116,EIRR116,BP069,"The goal of this framework is to enable further research, however, during development we already observed that for the scheduling task even a vanilla PPO agent can learn policies which can outperform the standard priority-based ALAP approach.",Paper-local location: worksheet Stage 3 accepted claim,schedule quality / schedule length,vanilla PPO agent trained in qgym scheduling environment,standard priority-based ALAP approach,quantum circuit scheduling with commutation-aware compilation,,,,,,,,,,,,
R117,EIRR117,BP036,"Again we outperform the best algorithm in the literature even for small input circuits with more than 50% of savings when the input circuit is of size 100-300 gates, with a maximum saving of 60% for approximately 200 gates.",Paper-local location: Benchmark results,cnot_count_savings,syndrome-decoding synthesis algorithm,best literature algorithm,CNOT circuit synthesis,,,,,,,,,,,,
R118,EIRR118,BP010,"In all cases, the metaVQE is able to learn the shape of the energy functional and, in some cases, resulted in improved accuracy in comparison to individual VQE optimization.",Paper-local location: local text scout; exact sentence span in paper_texts,accuracy,meta-VQE,individual VQE optimization,meta-VQE phase-diagram learning,Artifact context: a paper-linked artifact/repository or study-local executable evidence is recorded for this claim. Use the protocol to decide whether this is sufficient for proxy-free re-execution.,,,,,,,,,,,
R119,EIRR119,BP044,"Therefore, QRewriting is about three tim es faster than PaF, and the resulting circuits are better optimized.",Paper-local location: Evaluation,rewriting_runtime,QRewriting,PaF,quantum circuit rewriting,Artifact context: a paper-linked artifact/repository or study-local executable evidence is recorded for this claim. Use the protocol to decide whether this is sufficient for proxy-free re-execution.,,,,,,,,,,,
R120,EIRR120,BP068,"Number of Gates and Cnot Upon the examination of Table II and III, it is clear that, despite having similar approximation ratios, there is a signi ﬁcant difference between Adaptative VQAs and QAOA in terms of the number of gates and cnot gates in the best circuit found.","Paper-local location: Results, Number of Gates and Cnot",gate_and_cnot_count,adaptive VQAs,QAOA,QUBO instances,Artifact context: a paper-linked artifact/repository or study-local executable evidence is recorded for this claim. Use the protocol to decide whether this is sufficient for proxy-free re-execution.,,,,,,,,,,,
